{"v":2,"name":"App Skeleton","folders":[],"requests":[{"v":"5","endpoint":"http://<<baseUrl>>/api/login","name":"API Login","params":[],"headers":[],"method":"POST","auth":{"authType":"inherit","authActive":true},"preRequestScript":"","testScript":"","body":{"contentType":"application/json","body":"{\n  \"username\": \"CAB432\",\n  \"password\": \"supersecret\"\n}"},"requestVariables":[]},{"v":"5","endpoint":"http://<<baseUrl>>/api/data","name":"API Data","params":[],"headers":[],"method":"GET","auth":{"authType":"bearer","authActive":true,"token":""},"preRequestScript":"","testScript":"","body":{"contentType":"application/json","body":"{\n  \"username\": \"CAB432\",\n  \"password\": \"supersecret\"\n}"},"requestVariables":[]},{"v":"5","endpoint":"http://<<baseUrl>>/api/adminData","name":"API Admin Data","params":[],"headers":[],"method":"GET","auth":{"authType":"bearer","authActive":true,"token":""},"preRequestScript":"","testScript":"","body":{"contentType":"application/json","body":"{\n  \"username\": \"CAB432\",\n  \"password\": \"supersecret\"\n}"},"requestVariables":[]}],"auth":{"authType":"none","authActive":true},"headers":[]}