{
  "videos": [
    {
      "user": "light",
      "originalFile": "transcoded-test (1).mp4",
      "transcodedFile": "transcoded-transcoded-test (1).mp4",
      "progress": 100,
      "uploadDate": "2024-10-13T10:20:02.832Z"
    },
    {
      "user": "light",
      "originalFile": "transcoded-test (1).mp4",
      "transcodedFile": "transcoded-transcoded-test (1).mp4",
      "progress": 0,
      "uploadDate": "2024-10-13T10:29:04.285Z"
    },
    {
      "user": "light",
      "originalFile": "transcoded-transcoded-test (1).mp4",
      "transcodedFile": "transcoded-transcoded-transcoded-test (1).mp4",
      "progress": 100,
      "uploadDate": "2024-10-13T10:42:21.049Z"
    },
    {
      "user": "light",
      "originalFile": "transcoded-test (4).mp4",
      "transcodedFile": "transcoded-transcoded-test (4).mp4",
      "progress": 100,
      "uploadDate": "2024-10-13T10:45:00.912Z"
    },
    {
      "user": "light",
      "originalFile": "transcoded-transcoded-test (4).mp4",
      "transcodedFile": "transcoded-transcoded-transcoded-test (4).mp4",
      "progress": 100,
      "uploadDate": "2024-10-13T10:46:57.305Z"
    },
    {
      "user": "light",
      "originalFile": "transcoded-transcoded-test (4).mp4",
      "transcodedFile": "transcoded-transcoded-transcoded-test (4).mp4",
      "progress": 0,
      "uploadDate": "2024-10-13T10:53:56.466Z"
    },
    {
      "user": "light",
      "originalFile": "transcoded-transcoded-test (4).mp4",
      "transcodedFile": "transcoded-transcoded-transcoded-test (4).mp4",
      "progress": 0,
      "uploadDate": "2024-10-13T10:55:13.714Z"
    }
  ],
  "users": []
}